Time (local),Time (server),Price,Movement,Switch Price,Column 4,Column 5,Column 6,Column 7,Column 8,Column 9,Column 10
2014.01.03 00:00,2014.01.03 00:00,0.89058,10 Up,0,0,0,0,0,0,0,0
2014.01.03 00:00,2014.01.03 00:00,0.89058,,0.01,0,0,0,0,0,0,0
2014.01.03 00:59,2014.01.03 00:59,0.88953,10 Down,0,0,0,0,0,0,0,0
2014.01.03 00:59,2014.01.03 00:59,0.88953,,0.89056,0,0,0,0,0,0,0
2014.01.03 02:27,2014.01.03 02:27,0.89053,10 Up,0,0,0,0,0,0,0,0
2014.01.03 02:27,2014.01.03 02:27,0.89053,,0.88951,0,0,0,0,0,0,0
2014.01.03 02:31,2014.01.03 02:31,0.89152,10 Up,0,0,0,0,0,0,0,0
2014.01.03 03:34,2014.01.03 03:34,0.89255,10 Up,0,0,0,0,0,0,0,0
2014.01.03 03:34,2014.01.03 03:34,0.89355,10 Up,0,0,0,0,0,0,0,0
2014.01.03 03:45,2014.01.03 03:45,0.89454,10 Up,0,0,0,0,0,0,0,0
2014.01.03 04:16,2014.01.03 04:16,0.89556,10 Up,0,0,0,0,0,0,0,0
2014.01.03 04:21,2014.01.03 04:21,0.89656,10 Up,0,0,0,0,0,0,0,0
2014.01.03 04:22,2014.01.03 04:22,0.89758,10 Up,0,0,0,0,0,0,0,0
2014.01.03 04:37,2014.01.03 04:37,0.89655,10 Down,0,0,0,0,0,0,0,0
2014.01.03 04:37,2014.01.03 04:37,0.89655,,0.89756,0,0,0,0,0,0,0
2014.01.03 04:58,2014.01.03 04:58,0.89756,10 Up,0,0,0,0,0,0,0,0
2014.01.03 04:58,2014.01.03 04:58,0.89756,,0.89653,0,0,0,0,0,0,0
2014.01.03 05:00,2014.01.03 05:00,0.89855,10 Up,0,0,0,0,0,0,0,0
2014.01.03 05:29,2014.01.03 05:29,0.89751,10 Down,0,0,0,0,0,0,0,0
2014.01.03 05:29,2014.01.03 05:29,0.89751,,0.89853,0,0,0,0,0,0,0
2014.01.03 06:49,2014.01.03 06:49,0.89642,10 Down,0,0,0,0,0,0,0,0
2014.01.03 07:18,2014.01.03 07:18,0.89741,10 Up,0,0,0,0,0,0,0,0
2014.01.03 07:18,2014.01.03 07:18,0.89741,,0.8964,0,0,0,0,0,0,0
2014.01.03 07:53,2014.01.03 07:53,0.89638,10 Down,0,0,0,0,0,0,0,0
2014.01.03 07:53,2014.01.03 07:53,0.89638,,0.89739,0,0,0,0,0,0,0
2014.01.03 08:01,2014.01.03 08:01,0.89738,10 Up,0,0,0,0,0,0,0,0
2014.01.03 08:01,2014.01.03 08:01,0.89738,,0.89636,0,0,0,0,0,0,0
2014.01.03 08:10,2014.01.03 08:10,0.89837,10 Up,0,0,0,0,0,0,0,0
2014.01.03 09:52,2014.01.03 09:52,0.89937,10 Up,0,0,0,0,0,0,0,0
2014.01.03 11:11,2014.01.03 11:11,0.89832,10 Down,0,0,0,0,0,0,0,0
2014.01.03 11:11,2014.01.03 11:11,0.89832,,0.89935,0,0,0,0,0,0,0
2014.01.03 12:31,2014.01.03 12:31,0.89933,10 Up,0,0,0,0,0,0,0,0
2014.01.03 12:31,2014.01.03 12:31,0.89933,,0.8983,0,0,0,0,0,0,0
2014.01.03 13:38,2014.01.03 13:38,0.90035,10 Up,0,0,0,0,0,0,0,0
2014.01.03 14:05,2014.01.03 14:05,0.89926,10 Down,0,0,0,0,0,0,0,0
2014.01.03 14:05,2014.01.03 14:05,0.89926,,0.90033,0,0,0,0,0,0,0
2014.01.03 15:32,2014.01.03 15:32,0.90026,10 Up,0,0,0,0,0,0,0,0
2014.01.03 15:32,2014.01.03 15:32,0.90026,,0.89924,0,0,0,0,0,0,0
2014.01.03 15:55,2014.01.03 15:55,0.89923,10 Down,0,0,0,0,0,0,0,0
2014.01.03 15:55,2014.01.03 15:55,0.89923,,0.90024,0,0,0,0,0,0,0
2014.01.03 15:59,2014.01.03 15:59,0.89817,10 Down,0,0,0,0,0,0,0,0
2014.01.03 16:35,2014.01.03 16:35,0.89705,10 Down,0,0,0,0,0,0,0,0
2014.01.03 17:39,2014.01.03 17:39,0.89806,10 Up,0,0,0,0,0,0,0,0
2014.01.03 17:39,2014.01.03 17:39,0.89806,,0.89703,0,0,0,0,0,0,0
2014.01.03 20:02,2014.01.03 20:02,0.89703,10 Down,0,0,0,0,0,0,0,0
2014.01.03 20:02,2014.01.03 20:02,0.89703,,0.89804,0,0,0,0,0,0,0
2014.01.03 20:19,2014.01.03 20:19,0.89595,10 Down,0,0,0,0,0,0,0,0
2014.01.03 20:58,2014.01.03 20:58,0.89485,10 Down,0,0,0,0,0,0,0,0
2014.01.03 20:59,2014.01.03 20:59,0.8938,10 Down,0,0,0,0,0,0,0,0
2014.01.03 21:16,2014.01.03 21:16,0.89483,10 Up,0,0,0,0,0,0,0,0
2014.01.03 21:16,2014.01.03 21:16,0.89483,,0.89378,0,0,0,0,0,0,0
2014.01.05 22:01,2014.01.05 22:01,0.89588,10 Up,0,0,0,0,0,0,0,0
2014.01.05 22:59,2014.01.05 22:59,0.89484,10 Down,0,0,0,0,0,0,0,0
2014.01.05 22:59,2014.01.05 22:59,0.89484,,0.89586,0,0,0,0,0,0,0
2014.01.05 23:34,2014.01.05 23:34,0.89584,10 Up,0,0,0,0,0,0,0,0
2014.01.05 23:34,2014.01.05 23:34,0.89584,,0.89482,0,0,0,0,0,0,0
2014.01.06 00:07,2014.01.06 00:07,0.89687,10 Up,0,0,0,0,0,0,0,0
2014.01.06 00:46,2014.01.06 00:46,0.89786,10 Up,0,0,0,0,0,0,0,0
2014.01.06 01:45,2014.01.06 01:45,0.89683,10 Down,0,0,0,0,0,0,0,0
2014.01.06 01:45,2014.01.06 01:45,0.89683,,0.89784,0,0,0,0,0,0,0
2014.01.06 02:21,2014.01.06 02:21,0.89579,10 Down,0,0,0,0,0,0,0,0
2014.01.06 03:05,2014.01.06 03:05,0.89475,10 Down,0,0,0,0,0,0,0,0
2014.01.06 04:10,2014.01.06 04:10,0.89575,10 Up,0,0,0,0,0,0,0,0
2014.01.06 04:10,2014.01.06 04:10,0.89575,,0.89473,0,0,0,0,0,0,0
2014.01.06 04:33,2014.01.06 04:33,0.89471,10 Down,0,0,0,0,0,0,0,0
2014.01.06 04:33,2014.01.06 04:33,0.89471,,0.89573,0,0,0,0,0,0,0
2014.01.06 05:12,2014.01.06 05:12,0.8957,10 Up,0,0,0,0,0,0,0,0
2014.01.06 05:12,2014.01.06 05:12,0.8957,,0.89469,0,0,0,0,0,0,0
2014.01.06 05:59,2014.01.06 05:59,0.89466,10 Down,0,0,0,0,0,0,0,0
2014.01.06 05:59,2014.01.06 05:59,0.89466,,0.89568,0,0,0,0,0,0,0
2014.01.06 06:50,2014.01.06 06:50,0.89566,10 Up,0,0,0,0,0,0,0,0
2014.01.06 06:50,2014.01.06 06:50,0.89566,,0.89464,0,0,0,0,0,0,0
2014.01.06 07:20,2014.01.06 07:20,0.89666,10 Up,0,0,0,0,0,0,0,0
2014.01.06 07:54,2014.01.06 07:54,0.89562,10 Down,0,0,0,0,0,0,0,0
2014.01.06 07:54,2014.01.06 07:54,0.89562,,0.89664,0,0,0,0,0,0,0
2014.01.06 08:41,2014.01.06 08:41,0.89456,10 Down,0,0,0,0,0,0,0,0
2014.01.06 10:03,2014.01.06 10:03,0.89555,10 Up,0,0,0,0,0,0,0,0
2014.01.06 10:03,2014.01.06 10:03,0.89555,,0.89454,0,0,0,0,0,0,0
2014.01.06 10:44,2014.01.06 10:44,0.89654,10 Up,0,0,0,0,0,0,0,0
2014.01.06 11:16,2014.01.06 11:16,0.89551,10 Down,0,0,0,0,0,0,0,0
2014.01.06 11:16,2014.01.06 11:16,0.89551,,0.89652,0,0,0,0,0,0,0
2014.01.06 12:40,2014.01.06 12:40,0.89439,10 Down,0,0,0,0,0,0,0,0
2014.01.06 15:04,2014.01.06 15:04,0.89538,10 Up,0,0,0,0,0,0,0,0
2014.01.06 15:04,2014.01.06 15:04,0.89538,,0.89437,0,0,0,0,0,0,0
2014.01.06 15:14,2014.01.06 15:14,0.89435,10 Down,0,0,0,0,0,0,0,0
2014.01.06 15:14,2014.01.06 15:14,0.89435,,0.89536,0,0,0,0,0,0,0
2014.01.06 15:53,2014.01.06 15:53,0.89535,10 Up,0,0,0,0,0,0,0,0
2014.01.06 15:53,2014.01.06 15:53,0.89535,,0.89433,0,0,0,0,0,0,0
2014.01.06 17:09,2014.01.06 17:09,0.89634,10 Up,0,0,0,0,0,0,0,0
2014.01.06 17:56,2014.01.06 17:56,0.89736,10 Up,0,0,0,0,0,0,0,0
2014.01.06 19:57,2014.01.06 19:57,0.89631,10 Down,0,0,0,0,0,0,0,0
2014.01.06 19:57,2014.01.06 19:57,0.89631,,0.89734,0,0,0,0,0,0,0
2014.01.07 00:33,2014.01.07 00:33,0.89526,10 Down,0,0,0,0,0,0,0,0
2014.01.07 00:38,2014.01.07 00:38,0.89423,10 Down,0,0,0,0,0,0,0,0
2014.01.07 00:39,2014.01.07 00:39,0.8932,10 Down,0,0,0,0,0,0,0,0
2014.01.07 00:58,2014.01.07 00:58,0.8942,10 Up,0,0,0,0,0,0,0,0
2014.01.07 00:58,2014.01.07 00:58,0.8942,,0.89318,0,0,0,0,0,0,0
2014.01.07 01:56,2014.01.07 01:56,0.89317,10 Down,0,0,0,0,0,0,0,0
2014.01.07 01:56,2014.01.07 01:56,0.89317,,0.89418,0,0,0,0,0,0,0
2014.01.07 02:44,2014.01.07 02:44,0.89418,10 Up,0,0,0,0,0,0,0,0
2014.01.07 02:44,2014.01.07 02:44,0.89418,,0.89315,0,0,0,0,0,0,0
2014.01.07 03:41,2014.01.07 03:41,0.89314,10 Down,0,0,0,0,0,0,0,0
2014.01.07 03:41,2014.01.07 03:41,0.89314,,0.89416,0,0,0,0,0,0,0
2014.01.07 04:57,2014.01.07 04:57,0.89205,10 Down,0,0,0,0,0,0,0,0
2014.01.07 07:50,2014.01.07 07:50,0.89304,10 Up,0,0,0,0,0,0,0,0
2014.01.07 07:50,2014.01.07 07:50,0.89304,,0.89203,0,0,0,0,0,0,0
2014.01.07 09:10,2014.01.07 09:10,0.89201,10 Down,0,0,0,0,0,0,0,0
2014.01.07 09:10,2014.01.07 09:10,0.89201,,0.89302,0,0,0,0,0,0,0
2014.01.07 12:10,2014.01.07 12:10,0.893,10 Up,0,0,0,0,0,0,0,0
2014.01.07 12:10,2014.01.07 12:10,0.893,,0.89199,0,0,0,0,0,0,0
2014.01.07 12:15,2014.01.07 12:15,0.89399,10 Up,0,0,0,0,0,0,0,0
2014.01.07 12:59,2014.01.07 12:59,0.89295,10 Down,0,0,0,0,0,0,0,0
2014.01.07 12:59,2014.01.07 12:59,0.89295,,0.89397,0,0,0,0,0,0,0
2014.01.07 13:33,2014.01.07 13:33,0.89192,10 Down,0,0,0,0,0,0,0,0
2014.01.07 15:04,2014.01.07 15:04,0.89087,10 Down,0,0,0,0,0,0,0,0
2014.01.07 15:08,2014.01.07 15:08,0.88983,10 Down,0,0,0,0,0,0,0,0
2014.01.07 15:26,2014.01.07 15:26,0.89084,10 Up,0,0,0,0,0,0,0,0
2014.01.07 15:26,2014.01.07 15:26,0.89084,,0.88981,0,0,0,0,0,0,0
2014.01.07 16:10,2014.01.07 16:10,0.89183,10 Up,0,0,0,0,0,0,0,0
2014.01.07 17:06,2014.01.07 17:06,0.89282,10 Up,0,0,0,0,0,0,0,0
2014.01.07 19:41,2014.01.07 19:41,0.89178,10 Down,0,0,0,0,0,0,0,0
2014.01.07 19:41,2014.01.07 19:41,0.89178,,0.8928,0,0,0,0,0,0,0
2014.01.07 21:53,2014.01.07 21:53,0.89277,10 Up,0,0,0,0,0,0,0,0
2014.01.07 21:53,2014.01.07 21:53,0.89277,,0.89176,0,0,0,0,0,0,0
2014.01.07 22:41,2014.01.07 22:41,0.89172,10 Down,0,0,0,0,0,0,0,0
2014.01.07 22:41,2014.01.07 22:41,0.89172,,0.89275,0,0,0,0,0,0,0
2014.01.08 00:14,2014.01.08 00:14,0.89068,10 Down,0,0,0,0,0,0,0,0
2014.01.08 00:54,2014.01.08 00:54,0.89168,10 Up,0,0,0,0,0,0,0,0
2014.01.08 00:54,2014.01.08 00:54,0.89168,,0.89066,0,0,0,0,0,0,0
2014.01.08 01:06,2014.01.08 01:06,0.89267,10 Up,0,0,0,0,0,0,0,0
2014.01.08 01:24,2014.01.08 01:24,0.89162,10 Down,0,0,0,0,0,0,0,0
2014.01.08 01:24,2014.01.08 01:24,0.89162,,0.89265,0,0,0,0,0,0,0
2014.01.08 02:00,2014.01.08 02:00,0.89261,10 Up,0,0,0,0,0,0,0,0
2014.01.08 02:00,2014.01.08 02:00,0.89261,,0.8916,0,0,0,0,0,0,0
2014.01.08 03:15,2014.01.08 03:15,0.89154,10 Down,0,0,0,0,0,0,0,0
2014.01.08 03:15,2014.01.08 03:15,0.89154,,0.89259,0,0,0,0,0,0,0
2014.01.08 04:03,2014.01.08 04:03,0.89254,10 Up,0,0,0,0,0,0,0,0
2014.01.08 04:03,2014.01.08 04:03,0.89254,,0.89152,0,0,0,0,0,0,0
2014.01.08 04:22,2014.01.08 04:22,0.89354,10 Up,0,0,0,0,0,0,0,0
2014.01.08 05:36,2014.01.08 05:36,0.89249,10 Down,0,0,0,0,0,0,0,0
2014.01.08 05:36,2014.01.08 05:36,0.89249,,0.89352,0,0,0,0,0,0,0
2014.01.08 07:43,2014.01.08 07:43,0.89144,10 Down,0,0,0,0,0,0,0,0
2014.01.08 10:24,2014.01.08 10:24,0.89243,10 Up,0,0,0,0,0,0,0,0
2014.01.08 10:24,2014.01.08 10:24,0.89243,,0.89142,0,0,0,0,0,0,0
2014.01.08 13:07,2014.01.08 13:07,0.89343,10 Up,0,0,0,0,0,0,0,0
2014.01.08 13:15,2014.01.08 13:15,0.89238,10 Down,0,0,0,0,0,0,0,0
2014.01.08 13:15,2014.01.08 13:15,0.89238,,0.89341,0,0,0,0,0,0,0
2014.01.08 13:20,2014.01.08 13:20,0.89135,10 Down,0,0,0,0,0,0,0,0
2014.01.08 13:27,2014.01.08 13:27,0.89234,10 Up,0,0,0,0,0,0,0,0
2014.01.08 13:27,2014.01.08 13:27,0.89234,,0.89133,0,0,0,0,0,0,0
2014.01.08 13:50,2014.01.08 13:50,0.89333,10 Up,0,0,0,0,0,0,0,0
2014.01.08 14:13,2014.01.08 14:13,0.89437,10 Up,0,0,0,0,0,0,0,0
2014.01.08 15:58,2014.01.08 15:58,0.89334,10 Down,0,0,0,0,0,0,0,0
2014.01.08 15:58,2014.01.08 15:58,0.89334,,0.89435,0,0,0,0,0,0,0
2014.01.08 16:06,2014.01.08 16:06,0.8923,10 Down,0,0,0,0,0,0,0,0
2014.01.08 16:15,2014.01.08 16:15,0.89125,10 Down,0,0,0,0,0,0,0,0
2014.01.08 17:25,2014.01.08 17:25,0.89021,10 Down,0,0,0,0,0,0,0,0
2014.01.08 18:49,2014.01.08 18:49,0.89123,10 Up,0,0,0,0,0,0,0,0
2014.01.08 18:49,2014.01.08 18:49,0.89123,,0.89019,0,0,0,0,0,0,0
2014.01.08 19:00,2014.01.08 19:00,0.89013,10 Down,0,0,0,0,0,0,0,0
2014.01.08 19:00,2014.01.08 19:00,0.89013,,0.89121,0,0,0,0,0,0,0
2014.01.08 19:00,2014.01.08 19:00,0.89115,10 Up,0,0,0,0,0,0,0,0
2014.01.08 19:00,2014.01.08 19:00,0.89115,,0.89011,0,0,0,0,0,0,0
2014.01.08 19:00,2014.01.08 19:00,0.89008,10 Down,0,0,0,0,0,0,0,0
2014.01.08 19:00,2014.01.08 19:00,0.89008,,0.89113,0,0,0,0,0,0,0
2014.01.08 19:01,2014.01.08 19:01,0.89107,10 Up,0,0,0,0,0,0,0,0
2014.01.08 19:01,2014.01.08 19:01,0.89107,,0.89006,0,0,0,0,0,0,0
2014.01.08 19:08,2014.01.08 19:08,0.89002,10 Down,0,0,0,0,0,0,0,0
2014.01.08 19:08,2014.01.08 19:08,0.89002,,0.89105,0,0,0,0,0,0,0
2014.01.08 19:24,2014.01.08 19:24,0.89102,10 Up,0,0,0,0,0,0,0,0
2014.01.08 19:24,2014.01.08 19:24,0.89102,,0.89,0,0,0,0,0,0,0
2014.01.08 19:27,2014.01.08 19:27,0.89203,10 Up,0,0,0,0,0,0,0,0
2014.01.08 19:30,2014.01.08 19:30,0.89098,10 Down,0,0,0,0,0,0,0,0
2014.01.08 19:30,2014.01.08 19:30,0.89098,,0.89201,0,0,0,0,0,0,0
2014.01.08 19:47,2014.01.08 19:47,0.88995,10 Down,0,0,0,0,0,0,0,0
2014.01.08 19:59,2014.01.08 19:59,0.89095,10 Up,0,0,0,0,0,0,0,0
2014.01.08 19:59,2014.01.08 19:59,0.89095,,0.88993,0,0,0,0,0,0,0
2014.01.08 22:00,2014.01.08 22:00,0.88992,10 Down,0,0,0,0,0,0,0,0
2014.01.08 22:00,2014.01.08 22:00,0.88992,,0.89093,0,0,0,0,0,0,0
2014.01.08 22:07,2014.01.08 22:07,0.88886,10 Down,0,0,0,0,0,0,0,0
2014.01.09 00:30,2014.01.09 00:30,0.89018,10 Up,0,0,0,0,0,0,0,0
2014.01.09 00:30,2014.01.09 00:30,0.89018,,0.88884,0,0,0,0,0,0,0
2014.01.09 01:09,2014.01.09 01:09,0.89117,10 Up,0,0,0,0,0,0,0,0
2014.01.09 01:23,2014.01.09 01:23,0.89009,10 Down,0,0,0,0,0,0,0,0
2014.01.09 01:23,2014.01.09 01:23,0.89009,,0.89115,0,0,0,0,0,0,0
2014.01.09 01:36,2014.01.09 01:36,0.88906,10 Down,0,0,0,0,0,0,0,0
2014.01.09 02:07,2014.01.09 02:07,0.88802,10 Down,0,0,0,0,0,0,0,0
2014.01.09 02:11,2014.01.09 02:11,0.88697,10 Down,0,0,0,0,0,0,0,0
2014.01.09 02:24,2014.01.09 02:24,0.88796,10 Up,0,0,0,0,0,0,0,0
2014.01.09 02:24,2014.01.09 02:24,0.88796,,0.88695,0,0,0,0,0,0,0
2014.01.09 06:07,2014.01.09 06:07,0.88693,10 Down,0,0,0,0,0,0,0,0
2014.01.09 06:07,2014.01.09 06:07,0.88693,,0.88794,0,0,0,0,0,0,0
2014.01.09 07:16,2014.01.09 07:16,0.88792,10 Up,0,0,0,0,0,0,0,0
2014.01.09 07:16,2014.01.09 07:16,0.88792,,0.88691,0,0,0,0,0,0,0
2014.01.09 13:10,2014.01.09 13:10,0.88689,10 Down,0,0,0,0,0,0,0,0
2014.01.09 13:10,2014.01.09 13:10,0.88689,,0.8879,0,0,0,0,0,0,0
2014.01.09 13:22,2014.01.09 13:22,0.88788,10 Up,0,0,0,0,0,0,0,0
2014.01.09 13:22,2014.01.09 13:22,0.88788,,0.88687,0,0,0,0,0,0,0
2014.01.09 13:35,2014.01.09 13:35,0.88888,10 Up,0,0,0,0,0,0,0,0
2014.01.09 13:42,2014.01.09 13:42,0.88783,10 Down,0,0,0,0,0,0,0,0
2014.01.09 13:42,2014.01.09 13:42,0.88783,,0.88886,0,0,0,0,0,0,0
2014.01.09 13:48,2014.01.09 13:48,0.88882,10 Up,0,0,0,0,0,0,0,0
2014.01.09 13:48,2014.01.09 13:48,0.88882,,0.88781,0,0,0,0,0,0,0
2014.01.09 13:50,2014.01.09 13:50,0.88983,10 Up,0,0,0,0,0,0,0,0
2014.01.09 14:16,2014.01.09 14:16,0.88878,10 Down,0,0,0,0,0,0,0,0
2014.01.09 14:16,2014.01.09 14:16,0.88878,,0.88981,0,0,0,0,0,0,0
2014.01.09 15:42,2014.01.09 15:42,0.88771,10 Down,0,0,0,0,0,0,0,0
2014.01.09 15:59,2014.01.09 15:59,0.88871,10 Up,0,0,0,0,0,0,0,0
2014.01.09 15:59,2014.01.09 15:59,0.88871,,0.88769,0,0,0,0,0,0,0
2014.01.09 20:59,2014.01.09 20:59,0.8897,10 Up,0,0,0,0,0,0,0,0
2014.01.10 00:19,2014.01.10 00:19,0.88866,10 Down,0,0,0,0,0,0,0,0
2014.01.10 00:19,2014.01.10 00:19,0.88866,,0.88968,0,0,0,0,0,0,0
2014.01.10 01:05,2014.01.10 01:05,0.88763,10 Down,0,0,0,0,0,0,0,0
2014.01.10 01:15,2014.01.10 01:15,0.88866,10 Up,0,0,0,0,0,0,0,0
2014.01.10 01:15,2014.01.10 01:15,0.88866,,0.88761,0,0,0,0,0,0,0
2014.01.10 01:25,2014.01.10 01:25,0.88968,10 Up,0,0,0,0,0,0,0,0
2014.01.10 02:08,2014.01.10 02:08,0.89069,10 Up,0,0,0,0,0,0,0,0
2014.01.10 02:22,2014.01.10 02:22,0.88965,10 Down,0,0,0,0,0,0,0,0
2014.01.10 02:22,2014.01.10 02:22,0.88965,,0.89067,0,0,0,0,0,0,0
2014.01.10 03:30,2014.01.10 03:30,0.8907,10 Up,0,0,0,0,0,0,0,0
2014.01.10 03:30,2014.01.10 03:30,0.8907,,0.88963,0,0,0,0,0,0,0
2014.01.10 04:10,2014.01.10 04:10,0.88966,10 Down,0,0,0,0,0,0,0,0
2014.01.10 04:10,2014.01.10 04:10,0.88966,,0.89068,0,0,0,0,0,0,0
2014.01.10 04:45,2014.01.10 04:45,0.89065,10 Up,0,0,0,0,0,0,0,0
2014.01.10 04:45,2014.01.10 04:45,0.89065,,0.88964,0,0,0,0,0,0,0
2014.01.10 06:52,2014.01.10 06:52,0.88959,10 Down,0,0,0,0,0,0,0,0
2014.01.10 06:52,2014.01.10 06:52,0.88959,,0.89063,0,0,0,0,0,0,0
2014.01.10 13:29,2014.01.10 13:29,0.88836,10 Down,0,0,0,0,0,0,0,0
2014.01.10 13:29,2014.01.10 13:29,0.88936,10 Up,0,0,0,0,0,0,0,0
2014.01.10 13:29,2014.01.10 13:29,0.88936,,0.88834,0,0,0,0,0,0,0
2014.01.10 13:30,2014.01.10 13:30,0.89072,10 Up,0,0,0,0,0,0,0,0
2014.01.10 13:30,2014.01.10 13:30,0.89183,10 Up,0,0,0,0,0,0,0,0
2014.01.10 13:30,2014.01.10 13:30,0.89289,10 Up,0,0,0,0,0,0,0,0
2014.01.10 13:30,2014.01.10 13:30,0.89413,10 Up,0,0,0,0,0,0,0,0
2014.01.10 13:30,2014.01.10 13:30,0.89302,10 Down,0,0,0,0,0,0,0,0
2014.01.10 13:30,2014.01.10 13:30,0.89302,,0.89411,0,0,0,0,0,0,0
2014.01.10 13:32,2014.01.10 13:32,0.89401,10 Up,0,0,0,0,0,0,0,0
2014.01.10 13:32,2014.01.10 13:32,0.89401,,0.893,0,0,0,0,0,0,0
2014.01.10 13:34,2014.01.10 13:34,0.89294,10 Down,0,0,0,0,0,0,0,0
2014.01.10 13:34,2014.01.10 13:34,0.89294,,0.89399,0,0,0,0,0,0,0
2014.01.10 13:37,2014.01.10 13:37,0.89394,10 Up,0,0,0,0,0,0,0,0
2014.01.10 13:37,2014.01.10 13:37,0.89394,,0.89292,0,0,0,0,0,0,0
2014.01.10 13:38,2014.01.10 13:38,0.89288,10 Down,0,0,0,0,0,0,0,0
2014.01.10 13:38,2014.01.10 13:38,0.89288,,0.89392,0,0,0,0,0,0,0
2014.01.10 13:38,2014.01.10 13:38,0.89174,10 Down,0,0,0,0,0,0,0,0
2014.01.10 13:39,2014.01.10 13:39,0.89068,10 Down,0,0,0,0,0,0,0,0
2014.01.10 13:42,2014.01.10 13:42,0.88964,10 Down,0,0,0,0,0,0,0,0
2014.01.10 13:44,2014.01.10 13:44,0.89066,10 Up,0,0,0,0,0,0,0,0
2014.01.10 13:44,2014.01.10 13:44,0.89066,,0.88962,0,0,0,0,0,0,0
2014.01.10 13:48,2014.01.10 13:48,0.89169,10 Up,0,0,0,0,0,0,0,0
2014.01.10 13:49,2014.01.10 13:49,0.89065,10 Down,0,0,0,0,0,0,0,0
2014.01.10 13:49,2014.01.10 13:49,0.89065,,0.89167,0,0,0,0,0,0,0
2014.01.10 13:50,2014.01.10 13:50,0.89168,10 Up,0,0,0,0,0,0,0,0
2014.01.10 13:50,2014.01.10 13:50,0.89168,,0.89063,0,0,0,0,0,0,0
2014.01.10 13:55,2014.01.10 13:55,0.89272,10 Up,0,0,0,0,0,0,0,0
2014.01.10 13:58,2014.01.10 13:58,0.89168,10 Down,0,0,0,0,0,0,0,0
2014.01.10 13:58,2014.01.10 13:58,0.89168,,0.8927,0,0,0,0,0,0,0
2014.01.10 14:12,2014.01.10 14:12,0.89267,10 Up,0,0,0,0,0,0,0,0
2014.01.10 14:12,2014.01.10 14:12,0.89267,,0.89166,0,0,0,0,0,0,0
2014.01.10 14:20,2014.01.10 14:20,0.8937,10 Up,0,0,0,0,0,0,0,0
2014.01.10 14:38,2014.01.10 14:38,0.8947,10 Up,0,0,0,0,0,0,0,0
2014.01.10 14:49,2014.01.10 14:49,0.8957,10 Up,0,0,0,0,0,0,0,0
2014.01.10 14:49,2014.01.10 14:49,0.89669,10 Up,0,0,0,0,0,0,0,0
2014.01.10 14:51,2014.01.10 14:51,0.89768,10 Up,0,0,0,0,0,0,0,0
2014.01.10 15:02,2014.01.10 15:02,0.89868,10 Up,0,0,0,0,0,0,0,0
2014.01.10 15:06,2014.01.10 15:06,0.89968,10 Up,0,0,0,0,0,0,0,0
2014.01.10 15:09,2014.01.10 15:09,0.89855,10 Down,0,0,0,0,0,0,0,0
2014.01.10 15:09,2014.01.10 15:09,0.89855,,0.89966,0,0,0,0,0,0,0
2014.01.10 15:24,2014.01.10 15:24,0.89752,10 Down,0,0,0,0,0,0,0,0
2014.01.10 16:57,2014.01.10 16:57,0.89851,10 Up,0,0,0,0,0,0,0,0
2014.01.10 16:57,2014.01.10 16:57,0.89851,,0.8975,0,0,0,0,0,0,0
2014.01.10 18:06,2014.01.10 18:06,0.89951,10 Up,0,0,0,0,0,0,0,0
2014.01.10 20:37,2014.01.10 20:37,0.90051,10 Up,0,0,0,0,0,0,0,0
2014.01.10 20:55,2014.01.10 20:55,0.89944,10 Down,0,0,0,0,0,0,0,0
2014.01.10 20:55,2014.01.10 20:55,0.89944,,0.90049,0,0,0,0,0,0,0
2014.01.12 23:55,2014.01.12 23:55,0.90047,10 Up,0,0,0,0,0,0,0,0
2014.01.12 23:55,2014.01.12 23:55,0.90047,,0.89942,0,0,0,0,0,0,0
2014.01.12 23:57,2014.01.12 23:57,0.90148,10 Up,0,0,0,0,0,0,0,0
2014.01.13 00:04,2014.01.13 00:04,0.90045,10 Down,0,0,0,0,0,0,0,0
2014.01.13 00:04,2014.01.13 00:04,0.90045,,0.90146,0,0,0,0,0,0,0
2014.01.13 00:24,2014.01.13 00:24,0.89942,10 Down,0,0,0,0,0,0,0,0
2014.01.13 01:20,2014.01.13 01:20,0.90043,10 Up,0,0,0,0,0,0,0,0
2014.01.13 01:20,2014.01.13 01:20,0.90043,,0.8994,0,0,0,0,0,0,0
2014.01.13 01:38,2014.01.13 01:38,0.90146,10 Up,0,0,0,0,0,0,0,0
2014.01.13 01:38,2014.01.13 01:38,0.90247,10 Up,0,0,0,0,0,0,0,0
2014.01.13 02:21,2014.01.13 02:21,0.90347,10 Up,0,0,0,0,0,0,0,0
2014.01.13 02:52,2014.01.13 02:52,0.90244,10 Down,0,0,0,0,0,0,0,0
2014.01.13 02:52,2014.01.13 02:52,0.90244,,0.90345,0,0,0,0,0,0,0
2014.01.13 03:58,2014.01.13 03:58,0.90343,10 Up,0,0,0,0,0,0,0,0
2014.01.13 03:58,2014.01.13 03:58,0.90343,,0.90242,0,0,0,0,0,0,0
2014.01.13 08:19,2014.01.13 08:19,0.90444,10 Up,0,0,0,0,0,0,0,0
2014.01.13 09:19,2014.01.13 09:19,0.9034,10 Down,0,0,0,0,0,0,0,0
2014.01.13 09:19,2014.01.13 09:19,0.9034,,0.90442,0,0,0,0,0,0,0
2014.01.13 09:50,2014.01.13 09:50,0.9044,10 Up,0,0,0,0,0,0,0,0
2014.01.13 09:50,2014.01.13 09:50,0.9044,,0.90338,0,0,0,0,0,0,0
2014.01.13 10:53,2014.01.13 10:53,0.9054,10 Up,0,0,0,0,0,0,0,0
2014.01.13 10:57,2014.01.13 10:57,0.90639,10 Up,0,0,0,0,0,0,0,0
2014.01.13 11:35,2014.01.13 11:35,0.90535,10 Down,0,0,0,0,0,0,0,0
2014.01.13 11:35,2014.01.13 11:35,0.90535,,0.90637,0,0,0,0,0,0,0
2014.01.13 13:15,2014.01.13 13:15,0.90634,10 Up,0,0,0,0,0,0,0,0
2014.01.13 13:15,2014.01.13 13:15,0.90634,,0.90533,0,0,0,0,0,0,0
2014.01.13 14:09,2014.01.13 14:09,0.90733,10 Up,0,0,0,0,0,0,0,0
2014.01.13 14:48,2014.01.13 14:48,0.90835,10 Up,0,0,0,0,0,0,0,0
2014.01.13 14:57,2014.01.13 14:57,0.90732,10 Down,0,0,0,0,0,0,0,0
2014.01.13 14:57,2014.01.13 14:57,0.90732,,0.90833,0,0,0,0,0,0,0
2014.01.13 15:37,2014.01.13 15:37,0.90628,10 Down,0,0,0,0,0,0,0,0
2014.01.13 16:10,2014.01.13 16:10,0.90525,10 Down,0,0,0,0,0,0,0,0
2014.01.13 18:08,2014.01.13 18:08,0.90625,10 Up,0,0,0,0,0,0,0,0
2014.01.13 18:08,2014.01.13 18:08,0.90625,,0.90523,0,0,0,0,0,0,0
2014.01.13 18:53,2014.01.13 18:53,0.90724,10 Up,0,0,0,0,0,0,0,0
2014.01.13 19:51,2014.01.13 19:51,0.90619,10 Down,0,0,0,0,0,0,0,0
2014.01.13 19:51,2014.01.13 19:51,0.90619,,0.90722,0,0,0,0,0,0,0
2014.01.13 22:00,2014.01.13 22:00,0.90513,10 Down,0,0,0,0,0,0,0,0
2014.01.14 00:20,2014.01.14 00:20,0.90409,10 Down,0,0,0,0,0,0,0,0
2014.01.14 00:36,2014.01.14 00:36,0.90305,10 Down,0,0,0,0,0,0,0,0
2014.01.14 05:36,2014.01.14 05:36,0.90404,10 Up,0,0,0,0,0,0,0,0
2014.01.14 05:36,2014.01.14 05:36,0.90404,,0.90303,0,0,0,0,0,0,0
2014.01.14 07:12,2014.01.14 07:12,0.90295,10 Down,0,0,0,0,0,0,0,0
2014.01.14 07:12,2014.01.14 07:12,0.90295,,0.90402,0,0,0,0,0,0,0
2014.01.14 09:00,2014.01.14 09:00,0.90192,10 Down,0,0,0,0,0,0,0,0
2014.01.14 09:09,2014.01.14 09:09,0.90086,10 Down,0,0,0,0,0,0,0,0
2014.01.14 09:50,2014.01.14 09:50,0.90185,10 Up,0,0,0,0,0,0,0,0
2014.01.14 09:50,2014.01.14 09:50,0.90185,,0.90084,0,0,0,0,0,0,0
2014.01.14 10:44,2014.01.14 10:44,0.90082,10 Down,0,0,0,0,0,0,0,0
2014.01.14 10:44,2014.01.14 10:44,0.90082,,0.90183,0,0,0,0,0,0,0
2014.01.14 11:15,2014.01.14 11:15,0.89975,10 Down,0,0,0,0,0,0,0,0
2014.01.14 13:30,2014.01.14 13:30,0.8987,10 Down,0,0,0,0,0,0,0,0
2014.01.14 13:36,2014.01.14 13:36,0.8997,10 Up,0,0,0,0,0,0,0,0
2014.01.14 13:36,2014.01.14 13:36,0.8997,,0.89868,0,0,0,0,0,0,0
2014.01.14 13:46,2014.01.14 13:46,0.90069,10 Up,0,0,0,0,0,0,0,0
2014.01.14 13:57,2014.01.14 13:57,0.89965,10 Down,0,0,0,0,0,0,0,0
2014.01.14 13:57,2014.01.14 13:57,0.89965,,0.90067,0,0,0,0,0,0,0
2014.01.14 14:48,2014.01.14 14:48,0.8986,10 Down,0,0,0,0,0,0,0,0
2014.01.14 14:49,2014.01.14 14:49,0.89756,10 Down,0,0,0,0,0,0,0,0
2014.01.14 15:34,2014.01.14 15:34,0.89855,10 Up,0,0,0,0,0,0,0,0
2014.01.14 15:34,2014.01.14 15:34,0.89855,,0.89754,0,0,0,0,0,0,0
2014.01.14 15:59,2014.01.14 15:59,0.89957,10 Up,0,0,0,0,0,0,0,0
2014.01.14 16:19,2014.01.14 16:19,0.89851,10 Down,0,0,0,0,0,0,0,0
2014.01.14 16:19,2014.01.14 16:19,0.89851,,0.89955,0,0,0,0,0,0,0
2014.01.14 16:48,2014.01.14 16:48,0.89748,10 Down,0,0,0,0,0,0,0,0
2014.01.14 18:41,2014.01.14 18:41,0.89645,10 Down,0,0,0,0,0,0,0,0
2014.01.14 22:31,2014.01.14 22:31,0.89538,10 Down,0,0,0,0,0,0,0,0
2014.01.15 00:04,2014.01.15 00:04,0.89637,10 Up,0,0,0,0,0,0,0,0
2014.01.15 00:04,2014.01.15 00:04,0.89637,,0.89536,0,0,0,0,0,0,0
2014.01.15 01:12,2014.01.15 01:12,0.89531,10 Down,0,0,0,0,0,0,0,0
2014.01.15 01:12,2014.01.15 01:12,0.89531,,0.89635,0,0,0,0,0,0,0
2014.01.15 01:17,2014.01.15 01:17,0.89428,10 Down,0,0,0,0,0,0,0,0
2014.01.15 02:15,2014.01.15 02:15,0.89325,10 Down,0,0,0,0,0,0,0,0
2014.01.15 02:24,2014.01.15 02:24,0.8922,10 Down,0,0,0,0,0,0,0,0
2014.01.15 04:59,2014.01.15 04:59,0.89116,10 Down,0,0,0,0,0,0,0,0
2014.01.15 06:01,2014.01.15 06:01,0.89218,10 Up,0,0,0,0,0,0,0,0
2014.01.15 06:01,2014.01.15 06:01,0.89218,,0.89114,0,0,0,0,0,0,0
2014.01.15 07:05,2014.01.15 07:05,0.89115,10 Down,0,0,0,0,0,0,0,0
2014.01.15 07:05,2014.01.15 07:05,0.89115,,0.89216,0,0,0,0,0,0,0
2014.01.15 08:17,2014.01.15 08:17,0.89012,10 Down,0,0,0,0,0,0,0,0
2014.01.15 09:18,2014.01.15 09:18,0.88909,10 Down,0,0,0,0,0,0,0,0
2014.01.15 09:57,2014.01.15 09:57,0.89009,10 Up,0,0,0,0,0,0,0,0
2014.01.15 09:57,2014.01.15 09:57,0.89009,,0.88907,0,0,0,0,0,0,0
2014.01.15 11:11,2014.01.15 11:11,0.89109,10 Up,0,0,0,0,0,0,0,0
2014.01.15 11:43,2014.01.15 11:43,0.89209,10 Up,0,0,0,0,0,0,0,0
2014.01.15 13:12,2014.01.15 13:12,0.89104,10 Down,0,0,0,0,0,0,0,0
2014.01.15 13:12,2014.01.15 13:12,0.89104,,0.89207,0,0,0,0,0,0,0
2014.01.15 13:31,2014.01.15 13:31,0.89,10 Down,0,0,0,0,0,0,0,0
2014.01.15 13:48,2014.01.15 13:48,0.89102,10 Up,0,0,0,0,0,0,0,0
2014.01.15 13:48,2014.01.15 13:48,0.89102,,0.88998,0,0,0,0,0,0,0
2014.01.15 13:53,2014.01.15 13:53,0.89203,10 Up,0,0,0,0,0,0,0,0
2014.01.15 14:26,2014.01.15 14:26,0.891,10 Down,0,0,0,0,0,0,0,0
2014.01.15 14:26,2014.01.15 14:26,0.891,,0.89201,0,0,0,0,0,0,0
2014.01.15 15:03,2014.01.15 15:03,0.88997,10 Down,0,0,0,0,0,0,0,0
2014.01.15 15:11,2014.01.15 15:11,0.89097,10 Up,0,0,0,0,0,0,0,0
2014.01.15 15:11,2014.01.15 15:11,0.89097,,0.88995,0,0,0,0,0,0,0
2014.01.15 15:35,2014.01.15 15:35,0.89198,10 Up,0,0,0,0,0,0,0,0
2014.01.15 16:15,2014.01.15 16:15,0.89298,10 Up,0,0,0,0,0,0,0,0
2014.01.15 17:14,2014.01.15 17:14,0.89194,10 Down,0,0,0,0,0,0,0,0
2014.01.15 17:14,2014.01.15 17:14,0.89194,,0.89296,0,0,0,0,0,0,0
2014.01.15 18:09,2014.01.15 18:09,0.8909,10 Down,0,0,0,0,0,0,0,0
2014.01.16 00:07,2014.01.16 00:07,0.88986,10 Down,0,0,0,0,0,0,0,0
2014.01.16 00:30,2014.01.16 00:30,0.88878,10 Down,0,0,0,0,0,0,0,0
2014.01.16 00:30,2014.01.16 00:30,0.88755,10 Down,0,0,0,0,0,0,0,0
2014.01.16 00:30,2014.01.16 00:30,0.88644,10 Down,0,0,0,0,0,0,0,0
2014.01.16 00:30,2014.01.16 00:30,0.88512,10 Down,0,0,0,0,0,0,0,0
2014.01.16 00:30,2014.01.16 00:30,0.88403,10 Down,0,0,0,0,0,0,0,0
2014.01.16 00:32,2014.01.16 00:32,0.88297,10 Down,0,0,0,0,0,0,0,0
2014.01.16 00:34,2014.01.16 00:34,0.88182,10 Down,0,0,0,0,0,0,0,0
2014.01.16 00:39,2014.01.16 00:39,0.88282,10 Up,0,0,0,0,0,0,0,0
2014.01.16 00:39,2014.01.16 00:39,0.88282,,0.8818,0,0,0,0,0,0,0
2014.01.16 00:40,2014.01.16 00:40,0.88173,10 Down,0,0,0,0,0,0,0,0
2014.01.16 00:40,2014.01.16 00:40,0.88173,,0.8828,0,0,0,0,0,0,0
2014.01.16 00:45,2014.01.16 00:45,0.88272,10 Up,0,0,0,0,0,0,0,0
2014.01.16 00:45,2014.01.16 00:45,0.88272,,0.88171,0,0,0,0,0,0,0
2014.01.16 00:48,2014.01.16 00:48,0.88166,10 Down,0,0,0,0,0,0,0,0
2014.01.16 00:48,2014.01.16 00:48,0.88166,,0.8827,0,0,0,0,0,0,0
2014.01.16 01:03,2014.01.16 01:03,0.88063,10 Down,0,0,0,0,0,0,0,0
2014.01.16 01:14,2014.01.16 01:14,0.88163,10 Up,0,0,0,0,0,0,0,0
2014.01.16 01:14,2014.01.16 01:14,0.88163,,0.88061,0,0,0,0,0,0,0
2014.01.16 01:31,2014.01.16 01:31,0.88058,10 Down,0,0,0,0,0,0,0,0
2014.01.16 01:31,2014.01.16 01:31,0.88058,,0.88161,0,0,0,0,0,0,0
2014.01.16 01:46,2014.01.16 01:46,0.88158,10 Up,0,0,0,0,0,0,0,0
2014.01.16 01:46,2014.01.16 01:46,0.88158,,0.88056,0,0,0,0,0,0,0
2014.01.16 01:56,2014.01.16 01:56,0.88053,10 Down,0,0,0,0,0,0,0,0
2014.01.16 01:56,2014.01.16 01:56,0.88053,,0.88156,0,0,0,0,0,0,0
2014.01.16 04:04,2014.01.16 04:04,0.88153,10 Up,0,0,0,0,0,0,0,0
2014.01.16 04:04,2014.01.16 04:04,0.88153,,0.88051,0,0,0,0,0,0,0
2014.01.16 06:53,2014.01.16 06:53,0.8805,10 Down,0,0,0,0,0,0,0,0
2014.01.16 06:53,2014.01.16 06:53,0.8805,,0.88151,0,0,0,0,0,0,0
2014.01.16 08:15,2014.01.16 08:15,0.87946,10 Down,0,0,0,0,0,0,0,0
2014.01.16 08:17,2014.01.16 08:17,0.87843,10 Down,0,0,0,0,0,0,0,0
2014.01.16 09:44,2014.01.16 09:44,0.87946,10 Up,0,0,0,0,0,0,0,0
2014.01.16 09:44,2014.01.16 09:44,0.87946,,0.87841,0,0,0,0,0,0,0
2014.01.16 10:40,2014.01.16 10:40,0.87842,10 Down,0,0,0,0,0,0,0,0
2014.01.16 10:40,2014.01.16 10:40,0.87842,,0.87944,0,0,0,0,0,0,0
2014.01.16 12:59,2014.01.16 12:59,0.87941,10 Up,0,0,0,0,0,0,0,0
2014.01.16 12:59,2014.01.16 12:59,0.87941,,0.8784,0,0,0,0,0,0,0
2014.01.16 13:40,2014.01.16 13:40,0.88043,10 Up,0,0,0,0,0,0,0,0
2014.01.16 15:07,2014.01.16 15:07,0.88142,10 Up,0,0,0,0,0,0,0,0
2014.01.16 15:27,2014.01.16 15:27,0.88037,10 Down,0,0,0,0,0,0,0,0
2014.01.16 15:27,2014.01.16 15:27,0.88037,,0.8814,0,0,0,0,0,0,0
2014.01.16 15:34,2014.01.16 15:34,0.87934,10 Down,0,0,0,0,0,0,0,0
2014.01.16 15:59,2014.01.16 15:59,0.88033,10 Up,0,0,0,0,0,0,0,0
2014.01.16 15:59,2014.01.16 15:59,0.88033,,0.87932,0,0,0,0,0,0,0
2014.01.16 19:15,2014.01.16 19:15,0.88132,10 Up,0,0,0,0,0,0,0,0
2014.01.16 21:01,2014.01.16 21:01,0.88231,10 Up,0,0,0,0,0,0,0,0
2014.01.17 02:03,2014.01.17 02:03,0.88124,10 Down,0,0,0,0,0,0,0,0
2014.01.17 02:03,2014.01.17 02:03,0.88124,,0.88229,0,0,0,0,0,0,0
2014.01.17 02:22,2014.01.17 02:22,0.88019,10 Down,0,0,0,0,0,0,0,0
2014.01.17 03:32,2014.01.17 03:32,0.88119,10 Up,0,0,0,0,0,0,0,0
2014.01.17 03:32,2014.01.17 03:32,0.88119,,0.88017,0,0,0,0,0,0,0
2014.01.17 03:59,2014.01.17 03:59,0.88218,10 Up,0,0,0,0,0,0,0,0
2014.01.17 06:21,2014.01.17 06:21,0.88111,10 Down,0,0,0,0,0,0,0,0
2014.01.17 06:21,2014.01.17 06:21,0.88111,,0.88216,0,0,0,0,0,0,0
2014.01.17 09:05,2014.01.17 09:05,0.88005,10 Down,0,0,0,0,0,0,0,0
2014.01.17 09:42,2014.01.17 09:42,0.87899,10 Down,0,0,0,0,0,0,0,0
2014.01.17 10:19,2014.01.17 10:19,0.87999,10 Up,0,0,0,0,0,0,0,0
2014.01.17 10:19,2014.01.17 10:19,0.87999,,0.87897,0,0,0,0,0,0,0
2014.01.17 12:04,2014.01.17 12:04,0.87896,10 Down,0,0,0,0,0,0,0,0
2014.01.17 12:04,2014.01.17 12:04,0.87896,,0.87997,0,0,0,0,0,0,0
2014.01.17 14:04,2014.01.17 14:04,0.87995,10 Up,0,0,0,0,0,0,0,0
2014.01.17 14:04,2014.01.17 14:04,0.87995,,0.87894,0,0,0,0,0,0,0
2014.01.17 14:16,2014.01.17 14:16,0.8789,10 Down,0,0,0,0,0,0,0,0
2014.01.17 14:16,2014.01.17 14:16,0.8789,,0.87993,0,0,0,0,0,0,0
2014.01.17 15:00,2014.01.17 15:00,0.87785,10 Down,0,0,0,0,0,0,0,0
2014.01.17 15:03,2014.01.17 15:03,0.8768,10 Down,0,0,0,0,0,0,0,0
2014.01.17 15:07,2014.01.17 15:07,0.8778,10 Up,0,0,0,0,0,0,0,0
2014.01.17 15:07,2014.01.17 15:07,0.8778,,0.87678,0,0,0,0,0,0,0
2014.01.17 15:20,2014.01.17 15:20,0.87881,10 Up,0,0,0,0,0,0,0,0
2014.01.17 15:27,2014.01.17 15:27,0.87778,10 Down,0,0,0,0,0,0,0,0
2014.01.17 15:27,2014.01.17 15:27,0.87778,,0.87879,0,0,0,0,0,0,0
2014.01.17 16:05,2014.01.17 16:05,0.8788,10 Up,0,0,0,0,0,0,0,0
2014.01.17 16:05,2014.01.17 16:05,0.8788,,0.87776,0,0,0,0,0,0,0
2014.01.17 16:59,2014.01.17 16:59,0.87777,10 Down,0,0,0,0,0,0,0,0
2014.01.17 16:59,2014.01.17 16:59,0.87777,,0.87878,0,0,0,0,0,0,0
2014.01.17 17:28,2014.01.17 17:28,0.87668,10 Down,0,0,0,0,0,0,0,0
2014.01.17 21:09,2014.01.17 21:09,0.87768,10 Up,0,0,0,0,0,0,0,0
2014.01.17 21:09,2014.01.17 21:09,0.87768,,0.87666,0,0,0,0,0,0,0
2014.01.20 00:12,2014.01.20 00:12,0.87657,10 Down,0,0,0,0,0,0,0,0
2014.01.20 00:12,2014.01.20 00:12,0.87657,,0.87766,0,0,0,0,0,0,0
2014.01.20 01:38,2014.01.20 01:38,0.87761,10 Up,0,0,0,0,0,0,0,0
2014.01.20 01:38,2014.01.20 01:38,0.87761,,0.87655,0,0,0,0,0,0,0
2014.01.20 01:59,2014.01.20 01:59,0.8786,10 Up,0,0,0,0,0,0,0,0
2014.01.20 02:03,2014.01.20 02:03,0.8796,10 Up,0,0,0,0,0,0,0,0
2014.01.20 02:55,2014.01.20 02:55,0.87855,10 Down,0,0,0,0,0,0,0,0
2014.01.20 02:55,2014.01.20 02:55,0.87855,,0.87958,0,0,0,0,0,0,0
2014.01.20 03:00,2014.01.20 03:00,0.87955,10 Up,0,0,0,0,0,0,0,0
2014.01.20 03:00,2014.01.20 03:00,0.87955,,0.87853,0,0,0,0,0,0,0
2014.01.20 03:30,2014.01.20 03:30,0.87851,10 Down,0,0,0,0,0,0,0,0
2014.01.20 03:30,2014.01.20 03:30,0.87851,,0.87953,0,0,0,0,0,0,0
2014.01.20 06:50,2014.01.20 06:50,0.8795,10 Up,0,0,0,0,0,0,0,0
2014.01.20 06:50,2014.01.20 06:50,0.8795,,0.87849,0,0,0,0,0,0,0
2014.01.20 09:10,2014.01.20 09:10,0.88049,10 Up,0,0,0,0,0,0,0,0
2014.01.20 11:04,2014.01.20 11:04,0.88149,10 Up,0,0,0,0,0,0,0,0
2014.01.20 14:07,2014.01.20 14:07,0.88045,10 Down,0,0,0,0,0,0,0,0
2014.01.20 14:07,2014.01.20 14:07,0.88045,,0.88147,0,0,0,0,0,0,0
2014.01.20 21:43,2014.01.20 21:43,0.87938,10 Down,0,0,0,0,0,0,0,0
2014.01.20 21:48,2014.01.20 21:48,0.88039,10 Up,0,0,0,0,0,0,0,0
2014.01.20 21:48,2014.01.20 21:48,0.88039,,0.87936,0,0,0,0,0,0,0
2014.01.20 22:04,2014.01.20 22:04,0.88145,10 Up,0,0,0,0,0,0,0,0
2014.01.20 22:27,2014.01.20 22:27,0.8825,10 Up,0,0,0,0,0,0,0,0
2014.01.20 22:34,2014.01.20 22:34,0.88146,10 Down,0,0,0,0,0,0,0,0
2014.01.20 22:34,2014.01.20 22:34,0.88146,,0.88248,0,0,0,0,0,0,0
2014.01.20 23:29,2014.01.20 23:29,0.88042,10 Down,0,0,0,0,0,0,0,0
2014.01.21 00:57,2014.01.21 00:57,0.88143,10 Up,0,0,0,0,0,0,0,0
2014.01.21 00:57,2014.01.21 00:57,0.88143,,0.8804,0,0,0,0,0,0,0
2014.01.21 01:07,2014.01.21 01:07,0.88242,10 Up,0,0,0,0,0,0,0,0
2014.01.21 01:13,2014.01.21 01:13,0.88139,10 Down,0,0,0,0,0,0,0,0
2014.01.21 01:13,2014.01.21 01:13,0.88139,,0.8824,0,0,0,0,0,0,0
2014.01.21 01:56,2014.01.21 01:56,0.88239,10 Up,0,0,0,0,0,0,0,0
2014.01.21 01:56,2014.01.21 01:56,0.88239,,0.88137,0,0,0,0,0,0,0
2014.01.21 02:03,2014.01.21 02:03,0.88339,10 Up,0,0,0,0,0,0,0,0
2014.01.21 02:06,2014.01.21 02:06,0.88236,10 Down,0,0,0,0,0,0,0,0
2014.01.21 02:06,2014.01.21 02:06,0.88236,,0.88337,0,0,0,0,0,0,0
2014.01.21 02:11,2014.01.21 02:11,0.88335,10 Up,0,0,0,0,0,0,0,0
2014.01.21 02:11,2014.01.21 02:11,0.88335,,0.88234,0,0,0,0,0,0,0
2014.01.21 02:54,2014.01.21 02:54,0.88231,10 Down,0,0,0,0,0,0,0,0
2014.01.21 02:54,2014.01.21 02:54,0.88231,,0.88333,0,0,0,0,0,0,0
2014.01.21 03:21,2014.01.21 03:21,0.88127,10 Down,0,0,0,0,0,0,0,0
2014.01.21 05:24,2014.01.21 05:24,0.88226,10 Up,0,0,0,0,0,0,0,0
2014.01.21 05:24,2014.01.21 05:24,0.88226,,0.88125,0,0,0,0,0,0,0
2014.01.21 07:54,2014.01.21 07:54,0.88116,10 Down,0,0,0,0,0,0,0,0
2014.01.21 07:54,2014.01.21 07:54,0.88116,,0.88224,0,0,0,0,0,0,0
